{"0": {"precision": 0.9997931336599929, "recall": 0.9998418003926596, "f1-score": 0.9998174664341054, "support": 246524.0}, "1": {"precision": 0.7664670658682635, "recall": 0.7150837988826816, "f1-score": 0.7398843930635838, "support": 179.0}, "accuracy": 0.9996351888708285, "macro avg": {"precision": 0.8831300997641283, "recall": 0.8574627996376706, "f1-score": 0.8698509297488446, "support": 246703.0}, "weighted avg": {"precision": 0.999623839544661, "recall": 0.9996351888708285, "f1-score": 0.9996288671056281, "support": 246703.0}, "roc_auc": 0.9998892987993327, "average_precision": 0.7568956329486067, "threshold": 0.6600188454265132, "TN": 246485, "FP": 39, "FN": 51, "TP": 128}